{"cameraMode":{"drawMode":0,"name":"Shaded","section":"Shading Mode"},"sceneLighting":true,"audioPlay":false,"sceneViewState":{"m_AlwaysRefresh":false,"showFog":true,"showSkybox":true,"showFlares":true,"showImageEffects":true,"showParticleSystems":true,"showVisualEffectGraphs":true,"m_FxEnabled":true},"in2DMode":false,"pivot":{"x":6.937869071960449,"y":7.151971817016602,"z":15.289813995361329},"rotation":{"x":0.026398679241538049,"y":-0.9605326652526856,"z":0.2581142485141754,"w":0.09893786907196045},"size":0.5303300619125366,"orthographic":false}